model,seed,num_agents,steps,episode_time_s,collision_events,collision_steps,collision_rate_per_agent,collision_free,offroad_rate,offroad_agent_frac,min_gap_m,p5_gap_m,min_ttc_s,unsafe_ttc_rate,arrival_rate,goal_progress,mean_travel_time_s,mean_speed_mps,speed_std_mps,mean_abs_accel,rms_jerk,mean_abs_steering,mean_abs_lateral_m,min_clearance_m,wall_time_s,wall_time_per_agent_step_ms,w1_speed,w1_speed_norm,js_speed,w1_accel,w1_accel_norm,js_accel,w1_lateral,w1_lateral_norm,js_lateral,realism_score
orca,0,10,150,75.0,0,0,0.0,1.0,0.0,0.0,-0.24542579151131294,-0.2280502099930759,0.039588355949305216,0.0012202562538133007,0.9,0.9998314203275103,61.888888888888886,8.239322621051262,0.880785780947615,0.058959107491766014,0.8414916843620306,0.0056393247992571945,2.48348638479389,0.9468280817874017,1.3846244,0.9230829333333335,2.2032141363392705,0.6602297370280641,0.31031840474900796,0.4990161426264624,0.6950929527543894,0.34617498573054634,2.441956304997989,0.6587427240675621,0.19510142196197566,0.6713551379500052
orca,1,10,152,76.0,0,0,0.0,1.0,0.0,0.0,-0.28105738185066276,-0.27802183233539945,0.15872974970625084,0.002186878727634195,0.9,0.9998006971926084,62.666666666666664,8.080921709016625,0.9456712740556382,0.05335289089375676,0.6170508265399517,0.005148530391792633,1.9870620585589032,0.505092027140968,1.4237588000000003,0.9366834210526318,2.148554884251303,0.6438501836124572,0.30074524565756316,0.49901274191977163,0.6950882158189415,0.3492771402764637,3.083166479236686,0.8317157359160208,0.15400607645223202,0.7235513784491397
orca,2,10,156,78.0,3,3,0.4,0.0,0.006756756756756757,0.1,-0.4836219489304834,-0.3991050100717924,0.02891914287403793,0.007011217948717949,0.9,0.9998183476189648,57.666666666666664,8.356797168983464,1.2666877324461336,0.12170793329490937,0.7690934942977394,0.005474276901016665,2.4276754279679604,-0.5803847970882545,1.4601170999999997,0.9359724999999998,1.844418551402051,0.5527106762237752,0.2777748305719239,0.4397403514004005,0.6125261152703005,0.24588597026447606,3.4409020611099215,0.9282185730948634,0.1632383047163382,0.6978184548629797
orca,3,10,172,86.0,0,0,0.0,1.0,0.0,0.0,-0.28006260814532613,-0.2654926447407583,0.042402514681429214,0.005027932960893855,0.7,0.999573087501169,68.14285714285714,7.619276386567846,1.26147538311157,0.08333049894890418,0.6666191213241831,0.006150132268888755,2.6525667463966243,0.5017231557922983,1.5787772000000002,0.9178937209302327,2.1097806460619863,0.6322308386468646,0.27182072995088136,0.470482655541897,0.6553478942366412,0.2918200413085761,2.3171596261286527,0.6250775417607726,0.13923669365078517,0.6375520915480928
orca,4,10,145,72.5,1,2,0.2,0.0,0.0,0.0,-0.2821549470404241,-0.28097828244870354,0.03383450547555042,0.0018679950186799503,0.9,0.9999437030353624,57.611111111111114,8.308395035877902,0.8177291546463419,0.058146400579498804,0.8463785648503972,0.005820946404933918,1.8147578920612484,1.0111849304314733,1.3596557999999996,0.9376936551724134,2.339903163281311,0.7011908759496367,0.3237243246406561,0.5096378228881226,0.7098881757253968,0.37273931387025994,3.118536908499171,0.8412572714775375,0.18046176442976197,0.7507787743841904
orca,5,10,186,93.0,0,0,0.0,1.0,0.0,0.0,-0.44726212917269415,-0.15012721641238724,0.04169062069852797,0.005771737106684044,0.9,0.999670996756881,69.5,7.276688476012888,1.2081307128313625,0.07174960828823782,0.7004540913441042,0.00617815960565573,2.5121187830139284,0.15791963823213706,1.6256517000000006,0.8740062903225809,2.5742525889226924,0.7714175766193083,0.2938360959083368,0.48133577129536076,0.6704654899038965,0.31215803150602095,3.300642845258176,0.8903822130680058,0.17652220890089676,0.7774217598637368
orca,6,10,199,99.5,1,1,0.2,0.0,0.0,0.0,-0.8974462525502238,-0.284082468751657,0.0005290021142964889,0.002746174970576697,1.0,0.9997568517366766,67.25,7.255893762337848,1.3803524118993398,0.06465796237645578,0.8717820521906977,0.005871038055714711,2.0343253256454563,1.5363469692453018,1.5585544999999996,0.7831932160804018,2.521390054906109,0.7555764396382265,0.2638374457996322,0.49812265111049053,0.69384838448686,0.3697280189365895,3.108643350331496,0.8385883828308586,0.15937263282415237,0.762671068985315
orca,7,10,160,80.0,0,0,0.0,1.0,0.0,0.0,-0.27100022566741666,-0.23952221293551973,0.06435700934813475,0.003105590062111801,0.9,0.9998979344252336,66.16666666666667,7.66803040551308,1.4330548088470287,0.09642159953735574,0.9619374219854493,0.006761703605180695,2.5746042324227836,0.13385780114387202,1.492621399999999,0.9328883749999994,2.2543517678850726,0.6755539783130355,0.23369279796930964,0.469397717851119,0.6538366554637466,0.30427318660632086,2.7771718945827044,0.749170562674253,0.13271514390937916,0.6928537321503451
orca,8,10,168,84.0,0,0,0.0,1.0,0.017427385892116183,0.2,-0.39172516373893806,-0.33730700239281364,0.055215071222484806,0.00675541426584542,0.6,0.9996552795414884,62.083333333333336,8.214807559687422,1.2503693621774912,0.09903416549191278,0.8722609665147774,0.005213305986925876,2.1289755913316,-1.291111132070201,1.4480765999999985,0.8619503571428563,1.876173838589586,0.562226675855074,0.28282224157152214,0.4602859955664766,0.6411446934078197,0.29605212993018026,3.3526442658789986,0.9044101288849401,0.15658076148356417,0.7025938327159446
orca,9,10,152,76.0,0,0,0.0,1.0,0.0,0.0,-0.23177584184087285,0.13839854997125078,0.17164705979598152,0.0014469162597214686,0.8,0.9995205883962874,65.4375,7.44786674942284,1.1835744545647295,0.07658763536164645,0.7667309528602905,0.005416193259118409,2.0777439769500226,0.4943817864468052,1.5508880999999999,1.0203211184210526,2.6774404333766753,0.8023395293631042,0.33989887566167215,0.4939845552431132,0.6880843199015002,0.34633533787752463,3.200160229445739,0.8632759982982156,0.16891916060225792,0.7845666158542732
social_force,0,10,150,75.0,0,0,0.0,1.0,0.0,0.0,1.9437904873820018,2.1751457127335247,2.09914015522522,0.0,1.0,0.9998107385929981,63.45,7.8902252123541,0.6005356639026881,0.05256220543684996,0.907020761521031,0.006973610248762142,1.9380745234461616,3.278559075910384,1.410407499999998,0.9402716666666653,2.541606826800751,0.7616347313727438,0.3594450332129687,0.5120164140801543,0.7132013791146956,0.3799598390028831,2.7019330841610696,0.7288741229585589,0.22682261622651706,0.7345700778153329
social_force,1,10,164,82.0,0,0,0.0,1.0,0.0,0.0,0.870855662392128,1.5821830014628975,0.7869803844556824,0.000572737686139748,1.0,0.9996568144850467,64.85,7.683228942425694,0.9663332906847217,0.08788799445427946,0.7524180166386245,0.007794499498833789,1.86768350731934,3.0733210854917745,1.444962499999999,0.8810746951219506,2.325508847632527,0.6968773800080728,0.3059622774841299,0.4660920686238177,0.6492321281030052,0.27984245924826984,2.7273872837642736,0.735740654006332,0.20727221967318848,0.6939500540391367
social_force,2,10,201,100.5,0,0,0.0,1.0,0.0,0.0,0.39300031389896084,1.3141644994818735,0.3252162233148751,0.0016961929890689784,0.9,0.9995178717665641,66.55555555555556,7.520088481517562,1.3681771720901348,0.16124534183439865,0.7434997819188722,0.008870739381400969,2.1572206621560004,3.366728444027475,1.4878611,0.7402294029850746,2.1856522327268637,0.6549670207026338,0.24616957232632647,0.40563901737635255,0.5650254535985547,0.19419440026286133,2.6470226120404448,0.7140614607047164,0.1877986298492919,0.6446846450019683
social_force,3,10,174,87.0,2,2,0.2,0.0,0.0,0.0,-0.6235331725021238,-0.3334708740419794,0.09212868176620637,0.0038910505836575876,0.9,0.9995079653834406,70.44444444444444,6.985268270114875,1.1134690251326198,0.15981642934892829,0.6810603118745526,0.01262240971641112,2.2588715826959884,2.851395909149489,1.6013461000000007,0.920313850574713,2.7036714006496734,0.8102000747086503,0.30656177396678685,0.3973746190768159,0.553513751819674,0.18032908858361796,2.6261095902808043,0.7084199588915048,0.1662256587342849,0.6907112618066096
social_force,4,10,147,73.5,0,0,0.0,1.0,0.0,0.0,1.827865908924259,1.9478894281934798,1.9474421971318288,0.0,0.9,0.9997763493623919,61.55555555555556,8.08998704723274,0.5787989926760718,0.08664113847023601,0.8212905102608542,0.0072579842823856855,2.0128180092335466,3.4127726613409655,1.3259718000000014,0.9020216326530621,2.4996465552651386,0.749060638557774,0.35222379606263093,0.480634006777067,0.6694879833074332,0.3140282248261932,2.6045061831942102,0.7025922185653424,0.1856583623452468,0.7070469468101832
social_force,5,10,188,94.0,0,0,0.0,1.0,0.0,0.0,1.0447121553195688,1.3217692976300017,0.8585822306864926,0.0005162622612287042,0.9,0.9995168702198329,73.0,6.85588840134183,0.953782899981042,0.09938788019296176,0.6836349823962055,0.007337998477633607,1.9137469081625575,3.2159236875244748,1.558808899999999,0.8291536702127653,3.0248335584453727,0.9064416535399911,0.3517172866250634,0.45896532120571953,0.6393050907123758,0.2575320536493071,2.7083623940790376,0.7306084951586546,0.19806830841309325,0.7587850798036738
social_force,6,10,202,101.0,0,0,0.0,1.0,0.0,0.0,0.7473384996869448,1.7030249031976625,0.9259776289291936,0.000970873786407767,0.9,0.9995701275639043,67.77777777777777,7.141700212686753,1.3443732037246217,0.0978050054478077,0.7048995609691396,0.007769277006459822,1.8851701027320926,2.9029639255980264,1.4999157999999966,0.742532574257424,2.6588369871982693,0.7967646974956069,0.2650561345465269,0.47019522151897014,0.6549475196862975,0.29695683068541756,2.7610391670463095,0.7448185941880792,0.23630392991344312,0.7321769371233279
social_force,7,10,157,78.5,0,0,0.0,1.0,0.0,0.0,0.5834053101833554,1.0088185902583093,0.8342829481507681,0.0010903143739778303,1.0,0.9997931119205223,67.75,7.294045822673869,1.2712241441421497,0.12526713323234107,0.7346330503153328,0.008879036597399212,2.2254783110295726,3.0176782001334037,1.4483581999999977,0.9225211464968138,2.7138014463265017,0.8132357112738765,0.2973339088045465,0.4303255599464444,0.599412000049792,0.2379126614444571,2.702582171277757,0.7290492208563094,0.15010871171025109,0.7138989773933261
social_force,8,10,169,84.5,0,0,0.0,1.0,0.0,0.0,0.7094530025940342,1.245021223537541,0.5581709983617889,0.0009257544899092761,0.9,0.9997154740654018,64.72222222222223,7.6335359472180855,1.0052586885987613,0.13706571758832617,0.7903276956929702,0.008521799721237708,1.9846066592687128,2.9954605956733267,1.428993000000002,0.8455579881656816,2.4005387739948607,0.7193613445643943,0.2737236877366317,0.42395673345921225,0.5905406910270209,0.22285291908757393,2.6104837279770057,0.7042047224931953,0.20191046258758105,0.6713689193615369
social_force,9,10,155,77.5,1,3,0.2,0.0,0.0,0.0,-0.7848721920917878,0.04724393377314029,0.06178945082708767,0.0048736462093862815,1.0,0.9999256999454034,67.7,7.366145826739302,1.244053534242156,0.16333054354547435,0.8635185531141119,0.009801203562159338,1.9909552423767984,3.0241610199362685,1.4689353000000018,0.9477001935483883,2.7165925645734714,0.8140721162495966,0.29463272718964867,0.4080267895073066,0.5683514453636185,0.21631849677535336,2.631031072077315,0.7097475790124901,0.21230367808815376,0.6973903802085685
dwa,0,10,140,70.0,1,1,0.2,0.0,0.0,0.0,-0.5440769121097859,0.12530719552990366,0.06906604098047042,0.0017657445556209534,0.8,0.9994821218979416,61.75,8.243211860990806,1.0104297947555152,0.9497113199434927,3.727768084765741,0.008333333333333331,2.0514890417185088,1.9054298596104857,2.4178780000000017,1.7270557142857155,2.1002457841450948,0.629373558788245,0.22327911153545588,0.4074262094548203,0.567514881320117,0.34867362045883854,2.6707739380196887,0.7204686241514009,0.1722424925670992,0.6391190214199209
dwa,1,10,136,68.0,0,0,0.0,1.0,0.0,0.0,0.2290912333115651,0.6262413687267645,1.4225511096554766,0.00019546520719311962,1.0,0.9997244494505686,60.55,8.254243992270988,0.8410045751437096,0.9386622259228422,3.7246320231696837,0.0048459616985845125,1.9673375920270522,1.5056473899178844,2.4242394000000047,1.782528970588239,2.196858319336689,0.6583251108190178,0.2616836433030246,0.39715006262125013,0.5532009611172776,0.3674268957282969,2.679149489519869,0.7227280149519261,0.19819720381287131,0.6447513622960738
dwa,2,10,134,67.0,0,0,0.0,1.0,0.0,0.0,-0.1931637686048817,0.17276880385547336,0.15798881977173246,0.001936108422071636,0.9,0.9995830707610125,60.94444444444444,8.188683482801366,0.9827007283664401,0.9859851607584501,3.7700701051306824,0.00583676834295136,2.0520857235498045,1.243886658631654,2.407156400000005,1.7963853731343322,2.1400960013665085,0.6413153387553618,0.2314005617043663,0.44339508865898924,0.6176168967012241,0.3646802852897182,2.8527463663573496,0.7695575504778033,0.16786028274316558,0.6761632619781297
dwa,3,10,300,150.0,0,0,0.0,1.0,0.0,0.0,0.49498881740359835,0.8625988832054123,0.8324457929347346,0.0005804953560371517,0.8,0.9990255982640338,59.5625,7.222064769269616,2.8473285074005297,0.8360005600039792,3.4933183655615063,0.005581395348837209,1.8446905683869408,2.416790464461174,2.8947961000000006,0.9649320333333334,2.110403558815949,0.6324175048074328,0.23456197380800053,0.3248087428843305,0.4524347989698441,0.338193649815704,2.769928628563356,0.7472166174791789,0.20373875640495254,0.6106896404188186
dwa,4,10,300,150.0,0,0,0.0,1.0,0.0,0.0,-0.4036907925767741,0.2236005230679402,0.0815402018748681,0.003087015242137758,0.7,0.9988301080906309,58.07142857142857,6.420696540388256,3.593945874231667,0.7374615768436831,3.225236223408303,0.005243101182654402,1.985021179440477,1.895295738390038,3.1104738999999952,1.0368246333333317,2.8040130547552113,0.8402691192061293,0.23031178326459628,0.2686048335188529,0.37414686801921476,0.2805859221332851,2.7162792491776506,0.7327441479068363,0.2121081929166273,0.6490533783773934
dwa,5,10,136,68.0,0,0,0.0,1.0,0.0,0.0,0.656001039609142,0.810247834286178,1.2588713276703465,0.0001985308715505261,0.9,0.9993729742930102,59.27777777777778,8.280427940519221,0.8518611191212458,0.9502948609941028,3.795384358915596,0.00485256950294861,1.8169114947968839,1.3833349100837005,2.352014500000003,1.7294224264705904,2.1840147016947924,0.6544763073103912,0.25604604484484655,0.40956098972798366,0.5704884739492951,0.3699143991177173,2.889627609836254,0.7795066436481303,0.19540333099882223,0.6681571416359389
dwa,6,10,136,68.0,1,1,0.2,0.0,0.0,0.0,-1.6352832538881874,0.5496195056970183,0.00819814174297943,0.00041519618019514223,1.0,0.999568867887049,57.75,8.472197247293893,0.9894912164473707,0.9669092673459487,3.7794156908232766,0.0058165938864628815,2.055410686551535,2.261956561776058,2.2709371000000047,1.669806691176474,2.025601593544083,0.607005186364372,0.21995644722865143,0.42333046213782904,0.5896683409268529,0.2591768703363591,2.557692743417204,0.6899638137169177,0.19623709024039165,0.6288791136693809
dwa,7,10,134,67.0,0,0,0.0,1.0,0.0,0.0,0.16618625429720835,0.3547407374346298,0.4571356069361388,0.0009786651008025053,0.9,0.9992616220503845,59.888888888888886,8.172534403558133,0.9620807557839314,0.9271584396376412,3.6222937904862467,0.005790349417637272,1.7919172303477282,2.0357124732880916,2.3818714000000014,1.7775159701492547,2.2079799877253112,0.6616579036122476,0.24096635262375837,0.38734186050863995,0.5395388536516091,0.2872291929157533,2.858518641461845,0.7711146808075394,0.192110504196861,0.6574371460237988
dwa,8,10,300,150.0,0,0,0.0,1.0,0.0,0.0,0.15440631191685794,0.925166494661265,0.4374189311089079,0.0005699088145896656,0.8,0.9991337748934424,62.4375,7.083310330678383,2.8893867490806064,0.7925078000565933,3.3564751969176307,0.0048359486447931525,2.05572005224073,1.413070802125743,2.917940299999998,0.9726467666666659,2.25659146347245,0.6762251403232494,0.2537660084535014,0.2862085134128764,0.3986675053125843,0.3350395696229026,2.5975103104518085,0.7007050102405548,0.22203201001115458,0.5918658852921296
dwa,9,10,134,67.0,3,7,0.4,0.0,0.0,0.0,-2.307448943200889,-0.36863185647819896,0.0019631607267477516,0.0045427612087695045,0.7,0.9993699822716623,59.642857142857146,8.388167736146801,1.379009732500946,1.006105006105006,3.801411167051424,0.005680473372781066,1.8109722261492676,1.9038205553183536,2.3477572000000038,1.7520576119403013,1.931072969256835,0.5786781128741426,0.1913244175469872,0.46227208578846873,0.6439111716815987,0.2895782669439906,2.961391735880689,0.7988657516649619,0.18016698284366234,0.6738183454069011
mppi,0,10,300,150.0,1,1,0.2,0.0,0.0,0.0,-0.46623608200910294,0.8670332030667671,0.08595630591397806,0.00416584011108907,0.8,0.99851567356646,56.6875,6.646298725412557,3.529760312983204,0.29112096521488684,1.6343893532426494,0.02403095576056914,2.326303999223822,0.7577394296773505,7.057756499999996,2.352585499999999,2.5830033951386535,0.7740399011548376,0.2562293917205106,0.3255572526181232,0.4534774182291911,0.11372706496679985,2.757856703461069,0.7439600920408063,0.17506206057018153,0.6571591371416117
mppi,1,10,300,150.0,0,0,0.0,1.0,0.0,0.0,-0.5938844254190059,-0.02898744850347632,0.011142528383762573,0.004942339373970346,0.9,0.9987891114803821,58.0,7.435388713618821,2.800932077668301,0.27614855108108277,1.1891268525932621,0.02388277409930434,2.103293739834035,1.3478668081966587,6.6191333999999955,2.2063777999999985,1.8279187863491577,0.547766247372208,0.23542609568235373,0.3216797905277405,0.4480763974136885,0.10510461262889055,2.5533899151639763,0.6888030817255528,0.15940734908285073,0.5615485755038164
mppi,2,10,300,150.0,4,4,0.5,0.0,0.0,0.0,-1.0741084184246334,-0.012468074743720019,0.00947153689172797,0.009239237271476313,0.7,0.9983908932939759,56.0,6.546788449564284,3.5635766816060053,0.30596489657697984,1.5127631688445153,0.02516625126398055,2.576218860020466,0.9551150586883983,7.347855699999997,2.449285233333332,2.677921145579184,0.8024835827648201,0.20111623498157982,0.30690731291658613,0.4274994176226326,0.09919672552904968,2.1976431696888548,0.59283675353499,0.1422066771774371,0.6076065846408142
mppi,3,10,300,150.0,0,0,0.0,1.0,0.0,0.0,-0.24192642803349118,0.570572485802344,0.22758986786068514,0.004022988505747126,0.7,0.9987187183623236,59.214285714285715,6.487004978040954,3.2957007649143106,0.2345905582590696,1.2066513150200915,0.022346575483241652,2.152883771526914,1.0466450596017491,7.438744200000002,2.4795814000000007,2.7377046171025126,0.8203986937072609,0.2361345159023261,0.3440835598249722,0.47928320782202,0.12827591559849122,2.5406991893146524,0.6853796284478395,0.16871580370536113,0.6616871766590401
mppi,4,10,300,150.0,2,2,0.4,0.0,0.0,0.0,-2.037568924990355,0.18326156133638308,0.001340756881929624,0.006191950464396285,0.4,0.9986524495853428,59.875,6.632226684508601,3.75575914395454,0.2775924182842268,1.3259460450683798,0.021517846263585078,1.9556411155910847,0.9802385345612308,6.8918906999999905,2.297296899999997,2.6177277968982278,0.7844456453192579,0.2823544009410506,0.3323731288738766,0.46297143485014547,0.11960116944033883,2.8553017353162105,0.7702468874268357,0.1625916775807716,0.672554655865413
mppi,5,10,300,150.0,0,0,0.0,1.0,0.0,0.0,-0.6662713808278622,0.25534679218934075,0.019475593022300404,0.004746835443037975,0.6,0.9986118190424953,61.75,5.685224165017159,3.4688630951627095,0.23363081586811354,1.196052017904167,0.01939662341427743,2.2163087113743782,0.9308683905438002,7.9424499,2.6474832999999998,3.5394854301263083,1.0606656412570803,0.24699344362959552,0.3553981595091619,0.4950436168186573,0.13758700422643905,2.7979738231573577,0.7547820959629852,0.17268543567680544,0.7701637846795742
mppi,6,10,300,150.0,1,1,0.2,0.0,0.0,0.0,-1.321849088904649,0.34004682212938764,0.008047119382450426,0.006154457018066309,0.7,0.9982220405479593,60.5,6.265152631299151,3.3186640836391708,0.24308131249432902,1.162879745884909,0.020938113630137225,2.3313824176238405,0.9153070055748893,7.4078970000000055,2.4692990000000017,2.959556963844316,0.8868804369624905,0.21326720941018273,0.3427699768626029,0.4774534829253555,0.12841981203146072,2.5070033088470995,0.6762898195746749,0.15876112619073898,0.6802079131541737
mppi,7,10,300,150.0,5,7,0.5,0.0,0.0,0.0,-2.293956792386693,-0.015862051387867768,0.020485372406173825,0.00829138288421676,0.5,0.9332998321905857,56.2,4.519249151527975,4.099385112105939,0.28907287488037814,1.3203094247473073,0.026453924316832706,3.067764281991498,0.800116790272912,9.12117210000001,3.0403907000000028,4.705460443615492,1.4100694344881506,0.25527738033271197,0.3456174866216171,0.4814198555480378,0.13174141487610408,3.0335365487291535,0.8183275538462179,0.1401090904642905,0.9032722812941354
mppi,8,10,300,150.0,5,8,0.7,0.0,0.0,0.0,-1.8588176066047049,-0.00042924521866539306,0.0032189516823697075,0.011709159584513693,0.8,0.9986603687140226,59.8125,6.440974381260605,3.5737859486616097,0.35554706172907496,1.795984094834089,0.029063299023265807,1.8943371819234511,0.8232458210667382,7.492855399999996,2.4976184666666654,2.783735213882863,0.8341925271373747,0.22599014113367444,0.29228139799557523,0.4071265889288122,0.09421717550208966,2.8587057621912737,0.7711651585408146,0.16171152609812073,0.6708280915356672
mppi,9,10,300,150.0,1,158,0.2,0.0,0.0,0.0,-1.1232977038579388,-1.1232977038579388,0.03828593685723143,0.008464115676247575,0.6,0.9986310315034721,61.0,5.712325518983152,3.8590351120221005,0.23671972975472072,1.1586954240061722,0.01995243534706122,2.391559411760351,1.0281012615132532,8.1020556,2.7006851999999997,3.512384076160315,1.0525442700717074,0.2759972484967765,0.35688236175870636,0.49711100189099305,0.1385090685250256,2.2174769519135036,0.5981871194299435,0.1431768452849668,0.7159474637975479
frenet,0,10,300,150.0,3,889,0.5,0.0,0.0,0.0,-1.9468667521171197,-1.4520885890864133,0.021013378220320008,0.003213049925852694,0.4,0.4316818604496676,61.125,1.7971877962012497,3.3023219874246403,3.130879186519203,0.6851002382892443,0.0018414418257383163,1.4293455666373078,0.7185722473998428,6.603082999999998,2.2010276666666657,7.427521798942219,2.225780364787335,0.4452260360373544,0.5151854926476247,0.7176156735448911,0.3725924268561021,3.5258350687932065,0.9511301218109591,0.2641433326278967,1.298175386714395
frenet,1,10,300,150.0,8,2016,0.9,0.0,0.0,0.0,-2.0340989034053525,-2.0340989034053525,0.0035106827267471874,0.0062384083628393185,0.1,0.4986507078040615,59.5,1.707102376613765,3.2829732018983027,3.1983789074722835,0.5921719686775122,0.0014094689521736241,1.5210973186805177,0.9043328543918712,8.160654600000015,2.720218200000005,7.517607218529703,2.2527759581358464,0.45371250913996825,0.5165337553776018,0.7194937048188614,0.38181316396359033,4.502717207796432,1.2146540841451097,0.30659704655905723,1.3956412490332726
frenet,2,10,300,150.0,3,565,0.5,0.0,0.0,0.0,-1.7302076024703745,-1.7302076024703745,0.06374062384065585,0.004210812279271937,0.5,0.7393875936480572,64.8,3.3637192498013224,3.8262866266196007,1.6745807066483192,0.8565370064194219,0.0032837685621839876,1.8832336299392505,0.9378298585553697,5.482986000000011,1.8276620000000037,5.860990345342145,1.7563431763644928,0.343719629034821,0.4821598269420627,0.6716133390890656,0.3219371987978448,4.593672910949996,1.2391903166494456,0.33303995889010296,1.222382277367668
frenet,3,10,300,150.0,5,1446,0.5,0.0,0.0,0.0,-2.5884738622876555,-2.5884738622876555,0.025086906370280982,0.006369426751592357,0.4,0.5389319843906131,66.0,2.2082689109511837,3.2938183648283177,2.56086828301802,0.782205182470019,0.0029206807469676944,1.9653840692642508,0.9034934226236517,6.537533699999983,2.1791778999999947,7.0164406841922835,2.1025930759024205,0.41817745188659994,0.4977919597368158,0.6933877556138777,0.35112642992821164,3.283412072342128,0.8857340355943649,0.2035772645547717,1.2272382890368878
frenet,4,10,300,150.0,5,1476,0.7,0.0,0.0,0.0,-1.8689817941625482,-1.8689817941625482,0.09576947598932437,0.0040239473942487,0.2,0.23185466963365534,53.25,0.8384888038439263,2.5522289258731856,3.648546479261251,0.5535415641567314,0.0005710109683125068,1.130300953819967,0.9050169347277217,7.638025699999986,2.5460085666666616,8.386220791299541,2.5130704530149077,0.5088604125819874,0.5243804898384669,0.7304236314484395,0.41454926812034776,4.429702559639387,1.1949576349804119,0.33353749784374065,1.4794839064812528
frenet,5,10,300,150.0,4,1081,0.7,0.0,0.0,0.0,-1.7764187847828607,-1.7764187847828607,0.019535716210255412,0.0033619095646327114,0.1,0.3865260320272317,61.5,1.2926567868556231,2.83178817878527,3.096554545170168,0.5718940012054619,0.0013032302704518322,1.4241766703071108,0.5100392648561103,7.670564799999994,2.556854933333331,7.932052808287845,2.3769714678801264,0.48613270517580365,0.5253260025712234,0.7317406614623775,0.42108024082125617,4.571642972343938,1.2332475150773232,0.3298942307584424,1.4473198814732757
frenet,6,10,300,150.0,5,1170,0.6,0.0,0.0,0.0,-2.217841734425542,-1.4831041039005488,0.03942618562224817,0.005417607223476298,0.3,0.42478042759830414,54.166666666666664,1.6104428807556443,3.1541629509949725,2.9679788895214796,0.6210602609689807,0.0015011891180421125,1.6067213147390706,1.037532782318273,6.666275000000013,2.222091666666671,7.614266714387824,2.2817415827109087,0.4560721047903373,0.5182309938894428,0.7218578338077849,0.3946974437069828,4.914463383799574,1.325726832273146,0.3364822761938764,1.4431087495972799
frenet,7,10,300,150.0,3,786,0.6,0.0,0.0,0.0,-2.39121807771261,-2.39121807771261,0.02679800016607651,0.004028004219813945,0.2,0.44749135899608816,61.0,1.6490530512346306,3.230937104483593,3.185759107811894,0.892711584495122,0.003176889240646904,1.5291521263641221,1.3574327711208323,7.721157000000005,2.5737190000000014,7.5756565439088375,2.270171403361794,0.4461863014906857,0.5200680723516073,0.7244167496095595,0.39806796544839224,4.539771319571612,1.2246498103088939,0.3130878591617493,1.406412654426749
frenet,8,10,300,150.0,0,0,0.0,1.0,0.0,0.0,-0.5605874466246039,0.07734982562958159,0.00704458857464435,0.006980273141122913,0.5,0.9987345822992706,77.5,5.232215189334775,3.2643255418267536,0.2052310319899505,1.4722015967442499,0.006610787745849828,2.7034369251886754,0.903535278015192,4.595298299999996,1.5317660999999987,3.992494405808693,1.196417310581009,0.24173865679607312,0.42347448770985646,0.5898689580043001,0.2381260368153327,4.4867716754979785,1.2103526134916456,0.23322110260265497,0.9988796273589848
frenet,9,10,300,150.0,3,580,0.4,0.0,0.0,0.0,-1.1988487784606445,-1.1988282137979538,0.0007425952519171057,0.0033206367809356383,0.1,0.6234346553027973,48.0,2.2918835696803628,3.4442923203671234,1.8438558010181436,0.817948573907109,0.002481286592119267,2.326105241315057,0.9762717991646026,6.056124000000011,2.0187080000000037,6.932826025463105,2.07753655359988,0.40053252963820973,0.49903519914643146,0.6951194970915422,0.3389006819437391,4.839799111831727,1.3055853801898494,0.2739724087608765,1.3594138102937572
pure_rl,0,10,76,38.0,133,252,1.0,0.0,0.42544459644322846,1.0,-2.816367447078878,-2.704863909599004,0.0023847885609565777,0.11901081916537867,0.9,0.9998245430219515,37.166666666666664,13.965540217612679,3.1225829347814016,1.0688201666525508,2.7443569485602284,0.13154582356893027,7.679771503074,-8.195625385925634,0.9729990999999814,1.280261973684186,4.768376444013466,1.4289232597757053,0.30927012145655497,0.2953873919875714,0.41145301116391436,0.11210078810912749,3.3852312032171983,0.9132007889910398,0.11773326917691432,0.9178590199768865
pure_rl,1,10,79,39.5,104,189,1.0,0.0,0.11898395721925134,1.0,-2.757276327812684,-2.591480706778545,0.00017771531562346302,0.09165402124430956,1.0,1.0,37.9,13.661014021181536,3.5259587441984483,1.126900012088805,2.9997841559028187,0.12917249299768147,3.312668039286738,-14.03215008658346,0.9660566999999958,1.2228565822784756,4.463850247582323,1.3376669232845304,0.2988827420898981,0.28802619861891937,0.40119940772839885,0.09323250167542349,4.708893878956271,1.2702723528754039,0.1526781484750503,1.0030462279627776
pure_rl,2,10,79,39.5,79,195,1.0,0.0,0.3310719131614654,1.0,-2.7596905870107666,-2.622508101499758,0.0020493717694573866,0.09419394688079061,1.0,0.999807947623224,37.35,13.840818897273182,3.3074122524764022,1.1010360235916679,2.9753962965105893,0.1252819166970193,5.621595805788341,-13.945179659172567,0.9538995999999997,1.2074678481012655,4.643655123673973,1.3915484430607241,0.3074920970821995,0.27476193408787175,0.3827232583387733,0.09321102032794731,5.0022155325451365,1.3493988731647546,0.15998045183979492,1.0412235248547506
pure_rl,3,10,81,40.5,94,156,1.0,0.0,0.4763157894736842,1.0,-2.7595997307403213,-2.410519700051371,0.0010540340884353724,0.08900836320191159,1.0,0.9999926359492985,38.5,13.501752710896339,3.780023556755203,1.1597711784912175,3.023001288248471,0.14274829495658004,9.285852131794881,-23.66564838777587,0.9767932999999971,1.205917654320984,4.3045889372971295,1.2899416244703863,0.288264770430312,0.27482560381410615,0.38281194560603565,0.08716902083225121,4.826394256291497,1.3019692831138165,0.15651510777712446,0.9915742843967461
pure_rl,4,10,77,38.5,132,214,1.0,0.0,0.5034293552812071,1.0,-2.7961004674525225,-2.713774801234309,0.002554734364098533,0.10105393676379418,1.0,0.9998400048078857,36.95,13.723730351201972,3.5358228517568895,1.2585745469535432,3.003427893763033,0.13846150199591728,10.09319858225919,-20.917791123123187,0.9380004999999869,1.2181824675324506,4.526566577602765,1.356460914024605,0.2922685676167268,0.30423219660726886,0.4237731764541246,0.12674123780887825,5.553718322509039,1.4981723993118494,0.20426754009287273,1.0928021632635263
pure_rl,5,10,79,39.5,62,170,1.0,0.0,0.29160935350756534,1.0,-2.8294280269154393,-2.6701718509104646,0.0009810618129900567,0.07393483709273183,1.0,1.0,36.85,13.901086652357579,3.2111544370943768,1.140810523293765,2.870637963084653,0.12652671885997105,5.98971257312156,-14.402935848197728,0.9460215000000005,1.1974955696202538,4.703922878758368,1.4096086776218344,0.3022366269563952,0.2844161583678311,0.39617088595657013,0.11161996940444877,2.800540439558187,0.7554744670246862,0.12863370725675988,0.8537513435343635
pure_rl,6,10,78,39.0,107,258,1.0,0.0,0.5244565217391305,1.0,-2.7071353156631925,-2.610317385870328,0.002286838707189513,0.11324257425742575,1.0,0.9997018343153471,37.3,13.431191828748688,3.8062467398037407,1.2035594606498743,2.770889906533987,0.12154089685908477,9.559973376778377,-16.39190269630138,0.9501574999999889,1.2181506410256269,4.23402805514948,1.2687968832959238,0.2748232172726266,0.29145973444421347,0.4059820717573222,0.1143222280800211,5.230681210174897,1.4110298296768504,0.19893427487324017,1.0286029282433653
pure_rl,7,10,79,39.5,158,438,1.0,0.0,0.5923392612859097,1.0,-2.8248909902445747,-2.7155460189852074,0.000884538570203098,0.1542041576171269,1.0,0.9998919664503714,37.05,13.712881309840121,3.3512829661285526,1.1760288951864337,2.8012520681297945,0.11943072518440195,10.910060514350718,-15.48058780968816,0.960689799999983,1.2160630379746622,4.51571753624091,1.3532098184514594,0.2869091349372588,0.2933553824957278,0.4086225707090696,0.11031714122393249,6.679589443015211,1.8018876653685225,0.2802895464720145,1.187906684843017
pure_rl,8,10,81,40.5,73,183,1.0,0.0,0.3172043010752688,1.0,-2.609350201518435,-2.491950381787179,0.0007391826109594975,0.0803076923076923,1.0,1.0,37.7,13.781920510143287,3.631167993585474,1.1710307077085036,2.7902241798734893,0.12514620251679462,6.723205910880503,-17.791935277220947,0.9631196999999929,1.1890366666666579,4.584756736544078,1.3738985623683464,0.310625464817391,0.2965809307635279,0.4131155232975698,0.1150157195441183,2.642274692594542,0.712780660805453,0.08676760831642283,0.8332649154904564
pure_rl,9,10,79,39.5,99,229,1.0,0.0,0.642570281124498,1.0,-2.8522257534496047,-2.834099356927276,0.0007504538603667689,0.10646041856232939,1.0,0.9998315426090073,37.85,13.574928051192073,3.5626201409510823,1.1350389818316189,2.9254946836071762,0.1319637619462798,13.307086606489356,-22.285047085786996,0.9672477000000015,1.2243641772151919,4.377764277592862,1.3118698314855535,0.2777789011106526,0.29359828933211535,0.40896092214848434,0.10045016571991128,8.993099687338674,2.425980749009961,0.2707765296308379,1.382270500881333
mappo,0,10,71,35.5,1,6,0.2,0.0,0.0,0.0,-2.640256828238543,-1.2829895660687631,0.06701967485354746,0.002881844380403458,1.0,1.0,32.8,15.49198590039142,1.4038605464524696,0.7074916001723578,1.2173861721409065,0.05759325159385014,1.4290575681249478,2.5493433439704116,0.7885239000000013,1.110597042253523,6.2948221267922095,1.886348080679924,0.5000531182186523,0.4286826297677303,0.5971235185928975,0.2216491986212158,3.4610219607170936,0.9336461220841994,0.26007725843633694,1.1390392404523402
mappo,1,10,72,36.0,0,0,0.0,1.0,0.0,0.0,0.7661011250371392,2.5243075321250528,0.8495876817772408,0.00036075036075036075,1.0,0.9998969520471036,32.6,15.498674774123108,1.3991202023208646,0.747642020431617,1.1465017076710686,0.04773986159157076,1.4474563114487338,2.0856984848276676,0.7595353000000102,1.054910138888903,6.301511000523899,1.8883525128738028,0.49763515786884804,0.4341213541863098,0.6046992635285832,0.24150194837346145,3.4084919195941077,0.9194756054726152,0.2410441739532756,1.1375091272916669
mappo,2,10,71,35.5,2,121,0.4,0.0,0.0,0.0,-2.711445417826968,-2.24242790977145,0.12483177583860157,0.0054288816503800215,1.0,0.9998967266168794,32.35,15.56137403076049,1.2974977677166946,0.7202336983038828,0.8452023675503815,0.03589076653311003,1.32722798989341,3.11756681471042,0.7706204000000128,1.0853808450704405,6.364210257161281,1.9071413872908554,0.5125512099758657,0.4504411268068774,0.6274315119873308,0.2989988358166161,3.4525236898400977,0.9313536264748724,0.2535626735397806,1.1553088419176862
mappo,3,10,72,36.0,2,49,0.4,0.0,0.0,0.0,-1.0743095266802976,-1.0555751191447307,0.0020168335757277398,0.007199424046076314,1.0,0.9998132046655315,32.7,15.477769794899624,1.4365075772606144,0.7184168660298484,0.9489703524048871,0.06476972217980395,1.516978917981645,3.3608418912562064,0.7682848000000035,1.0670622222222272,6.280606021300416,1.882087988374051,0.4946860685763384,0.4270194423479923,0.5948068202823279,0.23825788650389676,3.3153087199499782,0.894338482975677,0.22394080725720528,1.1237444305440187
mappo,4,10,72,36.0,9,48,0.4,0.0,0.0,0.0,-2.783707921154451,-2.230268547288989,0.021946259469753773,0.010697159719660641,0.9,0.9998566669116122,31.833333333333332,15.480477649574391,1.4233204907032997,0.7320716474616134,1.0258635235609772,0.03309892914119741,1.390716441105736,2.4584081044271695,0.7581769999999892,1.0530236111110962,6.283313875975183,1.8828994420363816,0.4958421146795977,0.4462655499790905,0.6216152391681731,0.26396092501370283,3.6862003737602973,0.9943903053055339,0.24240366249708223,1.1663016621700295
mappo,5,10,71,35.5,0,0,0.0,1.0,0.0,0.0,2.076538821298462,2.1809060817476444,3.1222585229669537,0.0,0.9,0.9998005368534837,32.05555555555556,15.546769515939099,1.29800641389593,0.6920385215504881,0.5675273410614782,0.023601139458812592,1.6941067386162467,2.932315234554167,0.7547195000000215,1.062985211267636,6.34960574233989,1.9027649016733612,0.5154905905918041,0.4710791752421909,0.6561788025068047,0.3446621348536646,2.9875567511111685,0.8059240325084471,0.23263210971696807,1.1216225788962044
mappo,6,10,73,36.5,4,64,0.3,0.0,0.0,0.0,-2.639804427090456,-2.5614919259880167,0.042782154067426116,0.0067289719626168224,0.9,0.9998587157032501,32.22222222222222,15.489209025962747,1.3958831718845053,0.7389243237779697,0.6555730224529029,0.03656333173676886,1.4128518533531083,3.0772260085126524,0.7614433000000247,1.043073013698664,6.292045252363536,1.8855159441011125,0.4966817501263785,0.45782495253912076,0.6377166406483704,0.30068731241145036,3.5013781370448385,0.9445326139811588,0.26167159647444516,1.1559217329102138
mappo,7,10,72,36.0,0,0,0.0,1.0,0.0,0.0,0.7320416394297253,0.7515954088199934,1.6307563183627773,0.0,1.0,0.9999279905327707,32.2,15.54190539735014,1.2865459590907828,0.7368983663221944,1.379585495722673,0.06424045285203656,1.2327632608585641,3.0245465158802967,0.7566551000000175,1.0509098611111354,6.344741623750931,1.9013072876884591,0.5130269012997031,0.404583538047714,0.5635552481674175,0.19797452317807412,3.6649358657705906,0.9886539864817999,0.27184204844124976,1.151172174112559
mappo,8,10,70,35.0,0,0,0.0,1.0,0.0,0.0,-0.008423418123628235,0.1650286706238566,0.13764572849002166,0.002152852529601722,0.9,0.999949490341592,32.44444444444444,15.531266143978774,1.3766851717396882,0.7284349070177996,0.9459060025308597,0.04365130496501365,1.6038323677495376,3.788218024070782,0.7636908000000062,1.090986857142866,6.334102370379563,1.8981190585736876,0.5048722071855848,0.4567069305211866,0.6361593178299141,0.26519019562380614,3.0325928044212667,0.8180729691532289,0.2259829657303748,1.1174504485189436
mappo,9,10,74,37.0,17,109,0.3,0.0,0.0,0.0,-2.7763465276836983,-2.7443965523665184,0.017376203442460925,0.009761388286334056,1.0,0.9999152945538153,32.6,15.446599519907714,1.5206168159428473,0.7417694325210683,0.9850538219208176,0.04381504026035335,1.378994496664461,1.951549956625934,0.7788856000000237,1.0525481081081403,6.249435746308504,1.8727472973710437,0.4894564923050523,0.4522660419577624,0.6299734851869921,0.2579289711259027,3.599434291487083,0.9709842659442462,0.26098925130090617,1.157901682834094
happo,0,10,300,150.0,56,169,1.0,0.0,0.1043956043956044,0.8,-2.680629982609626,-2.2242920732630624,0.00018656770130089418,0.05512471180046112,0.7,0.8033141293918508,56.57142857142857,5.7247447371243085,6.2269672997951595,1.8505428177253394,2.8827556727346644,0.14676580781951498,4.110059823039924,-26.28424672918689,1.910314700000015,0.6367715666666717,4.425161073789799,1.3260730692793483,0.25244087819717276,0.4579394300396577,0.637876099425502,0.20513004452946532,2.2332208223021013,0.6024341897177798,0.14228345257176417,0.8554611194742101
happo,1,10,300,150.0,72,187,0.9,0.0,0.02227342549923195,0.5,-2.7422120762460698,-2.4037004831633375,0.0002191104408266545,0.07335144480118548,0.8,0.8034883421152774,44.375,6.309260073886047,6.9707668914172904,1.8529202931910358,3.147896969156255,0.13955820667634627,2.689393992888203,-2.396736670131572,1.7387842999999918,0.579594766666664,4.779084446964149,1.4321320908446509,0.33973377546223643,0.40297388464223977,0.5613131188193901,0.24220558044766188,2.7421389198832964,0.7397200589373742,0.1607345381861136,0.9110550895338051
happo,2,10,300,150.0,69,173,1.0,0.0,0.27724358974358976,0.9,-2.7267064231383618,-2.310671208751466,0.0008630539734122569,0.06934700485698866,0.7,0.8414553036045692,41.214285714285715,7.181114378987681,7.015270171829577,1.9483544696999253,2.9946196888446086,0.16091172531062697,4.935338359770414,-31.00389196530702,1.6886505999999883,0.5628835333333294,4.261780844456413,1.2771134679091454,0.3091884657580593,0.4330160318681037,0.6031596304620788,0.2530535649811505,6.788062515249003,1.831149387597137,0.2590737137011708,1.2371408286561205
happo,3,10,300,150.0,58,155,0.9,0.0,0.08882783882783883,0.9,-2.846714353049735,-2.5501328809497084,0.0016876017952356232,0.07071765322158198,0.8,0.9017839045848051,44.75,8.702742104485877,6.4921918728631365,1.8883515745009067,3.482009141011331,0.12896994662340203,4.304575190567735,-26.072395231187464,1.5391615000000058,0.5130538333333353,3.241441956414339,0.9713519603823119,0.21586095338968103,0.5390381297985587,0.7508406507990489,0.19570932658418005,4.825512066078654,1.3017313032684097,0.17237850787616327,1.0079746381499235
happo,4,10,300,150.0,109,260,0.9,0.0,0.24277456647398843,0.1,-2.7662450575433875,-2.336429123906229,0.0008917237102803603,0.10880538418395962,0.7,0.8095224576858178,38.642857142857146,6.779250402709025,7.111892650538625,1.8777303942967543,3.13273531436745,0.2138007018826848,5.589927715735473,-5.958063098044359,1.6540979999999763,0.5513659999999921,4.559908560343102,1.3664523933518131,0.34222951524024253,0.4224364464115443,0.588423042472736,0.24374812547667102,3.3647517012401837,0.9076762335793506,0.24292918022936227,0.9541838898012999
happo,5,10,300,150.0,88,235,0.9,0.0,0.03700848111025443,0.5,-2.7669027372954482,-2.5166216572959357,1.2482344700074026e-05,0.08557884231536926,0.8,0.8033566485832987,44.0625,6.2473116120829895,6.738025952680648,1.7970480772831068,2.6282028570119182,0.15837906817290878,2.6249821203672226,-5.58618951449168,1.7557046000000014,0.5852348666666671,4.476557703350129,1.3414749236243495,0.29889176942979384,0.37618810338328124,0.5240024865638327,0.21489711944537887,4.633816883990173,1.2500195645361731,0.2442955639826343,1.0384989915747853
happo,6,10,300,150.0,149,321,1.0,0.0,0.23228995057660626,0.8,-2.762172962895847,-2.5794112223639374,0.00039892733690647373,0.1180709534368071,0.7,0.8753720251764386,39.07142857142857,7.483840092061433,7.312669983518965,1.8691473179044205,3.900841139209661,0.12805786110053585,4.584953069147397,-6.663320527966771,1.6668821000000094,0.5556273666666698,4.599182649110245,1.3782215268513975,0.3677494827204898,0.4660462436052575,0.649168297207088,0.26230578257802506,2.6780588764604776,0.7224338109089722,0.1847668248524596,0.9166078783224859
happo,7,10,300,150.0,90,156,0.9,0.0,0.03866809881847476,0.6,-2.8208617321964584,-2.534940789454366,0.00034295113674226863,0.0730593607305936,0.8,0.9017710486339101,35.25,10.009935397201776,7.19645113058337,2.04871989466389,3.9508548169232083,0.17366939400254336,3.4191783223579506,-11.167234212168042,1.4081473000000244,0.46938243333334145,4.482464552379307,1.3432450091175727,0.41480881865313635,0.4236730094070127,0.5901454841942864,0.23118125887058694,4.456149046149619,1.2020918455844711,0.18404368600301768,1.04516077963211
happo,8,10,300,150.0,154,442,0.8,0.0,0.0008176614881439084,0.1,-2.8426344606788083,-2.592360760102772,0.0015992398693925036,0.16030743892396376,0.8,0.8045310748031399,39.4375,6.640046448795511,7.115253284458977,1.8513656747824407,3.348866859791263,0.17660945063010078,3.3980830300654437,-0.42296242243755877,1.6628885000000082,0.5542961666666694,4.691029294108594,1.4057449006687628,0.3465616303117023,0.3956934773347055,0.5511720444525099,0.2374431541977431,4.4949251122476115,1.2125520865632862,0.2284730455867,1.0564896772281862
happo,9,10,300,150.0,91,256,0.9,0.0,0.24596774193548387,0.6,-2.7862733072434827,-2.519040733478643,0.00021338650585994153,0.10045297095656808,0.8,0.8059513849186122,40.5,6.796081086966362,7.029260413680889,1.8305313262322376,3.558264876211182,0.18660630759003388,4.800100312591,-2.8512496088309938,1.6801729000000023,0.5600576333333341,4.502153397608519,1.349145098851777,0.3302873900258748,0.44728164167252443,0.6230305805071142,0.22605186687883033,2.593281463879274,0.6995642355652857,0.22521398426291686,0.8905799716413924
hatrpo,0,10,300,150.0,4,7,0.5,0.0,0.821401077752117,1.0,-1.9165480985232057,1.312488299756584,0.035926041918790286,0.007069913589945012,0.8,0.8291015620500286,44.1875,7.898413763577076,7.064328994406279,1.1237579784972638,1.9084856864957125,0.08687946552030311,28.562242780307635,-88.57198201677353,1.7246024999999747,0.5748674999999915,4.10320482518923,1.2295935279392216,0.3073995312392781,0.3176321502457489,0.44243833083634504,0.18887116727782188,24.96366483724384,6.734204270542492,0.4072050147496342,2.8020787097726862
hatrpo,1,10,300,150.0,17,18,0.8,0.0,0.5154777927321669,0.9,-2.442160191165995,-1.009846697996877,0.005525655336309718,0.02327704244637152,0.7,0.8792286085507737,42.357142857142854,7.423704476502639,7.45678180349603,1.652047712523816,2.6248459848758032,0.16878289966779683,12.388327300725532,-78.52656192093637,1.877287100000018,0.6257623666666726,4.799579812458088,1.4382738677818852,0.41071088677766154,0.34442127544676354,0.4797536209583701,0.2342582610621055,10.506061178791356,2.834117607253083,0.339927786244811,1.5840483653311128
hatrpo,2,10,300,150.0,15,25,1.0,0.0,0.5286624203821656,1.0,-2.5389063677278294,-1.2497183995323116,0.0001993768310251977,0.016058791507893303,0.8,0.8131715578458769,41.5,7.130372558758579,7.10166470724042,1.7640336778652217,2.078170954831563,0.1126409017341117,16.82470019608668,-36.79191471130785,1.6728835000000117,0.5576278333333372,4.404091890637256,1.3197593383429116,0.32401758228951394,0.3718784797431399,0.5179994963488883,0.25201936722544244,14.39360129491494,3.882821370205666,0.2434770905166854,1.9068600682991554
hatrpo,3,10,300,150.0,12,22,0.8,0.0,0.39486673247778875,0.9,-2.634598103465643,-2.039863357213038,0.0004335692713300263,0.024640657084188913,0.9,0.9103045592532009,40.111111111111114,9.688990436326955,6.800716098221556,1.4652037947945,2.6357525466712186,0.10202374760540753,8.583476397333278,-59.53398770262194,1.436424499999987,0.4788081666666623,3.783719375744181,1.1338544026348278,0.29852336402453616,0.33806679529781347,0.4709022953345031,0.19523269287951098,8.721154644082944,2.3526207882996495,0.21672753783134513,1.3191258287563268
hatrpo,4,10,300,150.0,9,17,0.6,0.0,0.4947589098532495,0.9,-2.199819856925736,-1.6205178126245916,0.004888145435295113,0.011153601019757807,0.8,0.9026882854588626,37.5625,10.201273951780706,7.118529199346219,1.5938087754145331,2.9280278654664196,0.13431533161408962,11.55394555710351,-70.1529791445745,1.4098272999999892,0.46994243333332975,4.404400502974918,1.319851819159541,0.4067482916748507,0.3635481393685918,0.5063959420872618,0.22655018319314119,14.936206571186709,4.02919470090496,0.4001451348272068,1.9518141540505878
hatrpo,5,10,300,150.0,14,30,0.9,0.0,0.6159567275185936,1.0,-2.733402338066825,-1.6873310956162793,0.0019260083417541951,0.014234875444839857,0.7,0.7958950428561369,41.857142857142854,5.926882996898507,6.765413537174342,1.429705353856683,1.9053636410888684,0.09395006515564444,13.682494564649994,-56.68740967887344,1.8601653000000056,0.6200551000000019,4.63941238544338,1.390277036028579,0.30970847080907477,0.32867223170997856,0.45781635605058074,0.2278785490937498,11.565927886719077,3.120027506992014,0.33760614108366543,1.6560402996903913
hatrpo,6,10,300,150.0,34,41,0.9,0.0,0.4663951120162933,1.0,-2.4477482256297654,-2.21211522142364,0.0021080238225783645,0.03664764193451487,0.9,0.91029998758908,38.388888888888886,10.17409607381391,6.985201297648516,1.5130216785077795,3.237224671905908,0.13480160612784312,11.336242042298066,-36.09556182787341,1.423996399999993,0.4746654666666643,4.23853724780238,1.2701481378246278,0.3655553900472417,0.353777286956766,0.4927858600203431,0.1936598538521534,13.651250886699843,3.682564744352288,0.41034797031888537,1.8151662473990864
hatrpo,7,10,300,150.0,6,10,0.5,0.0,0.6072172102706453,0.9,-2.1700642719358694,1.036156113836222,0.006403896129755586,0.007112014224028448,0.7,0.7313709452868595,39.142857142857146,5.3468642312868075,6.8388373551113055,1.4004839340187376,1.3439779734012054,0.1016818449319592,15.118201387998456,-52.81674788968012,1.826843800000006,0.6089479333333353,5.278145787060045,1.5816841166317839,0.3730917540645412,0.3653802646351752,0.5089479584502247,0.26590287666614676,11.770623882545966,3.1752463483859996,0.2777316926958038,1.7552928078226693
hatrpo,8,10,300,150.0,22,34,0.9,0.0,0.4601941747572815,1.0,-2.8549546328839233,-2.0986902943244363,0.002277776751604146,0.030580165761646183,0.9,0.9077611826997118,41.05555555555556,10.255895394056951,6.867480841384812,1.399876212515615,3.0538767540294063,0.11917864121642197,10.168958483929021,-34.140863249236126,1.4787718999999981,0.49292396666666605,4.101156860948486,1.2289798214139196,0.34868631031983954,0.3396030903595375,0.4730422418803909,0.1985810447924914,6.5941750254645894,1.778846251410058,0.22986672601354852,1.1602894382347895
hatrpo,9,10,300,150.0,11,19,0.7,0.0,0.7380720545277507,1.0,-2.203201880929301,-1.8012529710863334,0.019876534082303554,0.015289620699794178,0.9,0.9040741192327655,40.888888888888886,10.199353798653645,6.892190571854153,1.5413566095582885,2.6697944336127906,0.11578993665240285,13.972450857889013,-47.29467503535306,1.4758839000000137,0.49196130000000454,4.114659449024377,1.2330260963662745,0.34956086865213376,0.32970912880976316,0.4592606777973649,0.1938444218438462,14.200747862787033,3.8307971816623656,0.35426420724381424,1.8410279852753348
utility_pt,0,10,300,150.0,16,30,0.8,0.0,0.0,0.0,-0.8019382684494452,-0.5895989188354988,0.014145729103621246,0.013461924854329918,0.8,0.9993318061070564,60.375,7.301821806171321,2.6540109164637036,0.5505865102639296,2.3394915764734687,0.07068365102639299,3.2233506651539674,1.4101016395017476,52.28008160000002,17.426693866666675,2.123652882448622,0.6363878848597022,0.26847257039361333,0.4258372546048895,0.5931601193064069,0.4323177413500121,2.540992528317052,0.6854587596481482,0.11365968781661394,0.6383355879380858
utility_pt,1,10,166,83.0,1,2,0.2,0.0,0.0,0.0,-0.7616954787445569,-0.1056100937037154,0.11688124005054899,0.007431211086563567,0.6,0.9998238780552139,67.91666666666667,8.028295361281794,1.1705424073463118,0.1549067315490673,1.8596322094925974,0.021624087591240876,2.440813380544264,1.4784284768226952,51.52492289999998,31.039110180722876,2.0319322061098144,0.6089022596449764,0.3176269594902079,0.47825031507540433,0.6661676752816363,0.448417996184988,3.7974455037806063,1.0243998185137928,0.2007274983688051,0.7664899178134684
utility_pt,2,10,199,99.5,11,18,0.8,0.0,0.0,0.0,-1.0448173114741481,-0.6174845164380318,0.011822175600659117,0.013526954445991645,0.8,0.9997026309162956,63.4375,7.851602213049421,1.6263649826230773,0.33518225039619653,3.1137952851230466,0.02433637083993661,2.6298693531267276,1.475668349512322,53.11910389999997,26.693017035175867,1.8594991447621307,0.5572298266886029,0.24844536243230006,0.46916918122956375,0.6535183206815224,0.4448877879762707,3.4813815760504205,0.9391383368458615,0.16718852790068583,0.7166288280719956
utility_pt,3,10,300,150.0,29,49,0.8,0.0,0.0,0.0,-1.3969935167201035,-1.073819118710191,0.008246305039432194,0.02472373103577449,0.9,0.9949482508571872,64.27777777777777,6.826727841845813,2.6149271093501127,0.7907458563535912,4.324757164687703,0.06557320441988951,2.660457277033911,1.4446204332604982,55.127360099999976,18.375786699999992,2.3983229572479217,0.7186973382456237,0.23886261412988313,0.5214077716066854,0.7262828525899436,0.4491829703854302,3.26293437683906,0.8802099674975247,0.15883812649652865,0.7750633861110306
utility_pt,4,10,149,74.5,7,12,0.5,0.0,0.0,0.0,-0.9609498307490636,-0.5610919473649743,0.03610747492333188,0.009621418113365405,0.8,0.9999537385582176,59.875,8.305494643587803,1.0581381079172592,0.28717077315208156,2.7836151258882604,0.028005522514868313,2.6008122238959257,0.9130743356980631,49.44434959999995,33.18412724832211,2.2612570757733286,0.6776232685994242,0.3109552479887113,0.4632814125522389,0.6453170899687918,0.44349583618231836,3.187703010891889,0.8599155360050645,0.1401124205978967,0.7276186315244267
utility_pt,5,10,300,150.0,20,32,0.7,0.0,0.0,0.0,-1.1533432096809066,-0.6658771013014634,0.014160023093219157,0.01820830298616169,0.8,0.9969662048127612,62.5625,6.1682988901437135,2.859811709896255,0.8192090395480226,3.5902654895362716,0.08580508474576273,2.797418630277492,1.4848767254657602,57.81526259999998,19.271754199999993,3.0564107049997546,0.9159042703695728,0.28039432118562335,0.4832959539998533,0.6731958809025375,0.44213024019887637,2.864173713284935,0.772640194351707,0.16964291915314675,0.7872467818746057
utility_pt,6,10,300,150.0,13,25,0.8,0.0,0.0,0.0,-1.0003198513090763,-0.653561192011815,0.00044812148484927396,0.013447432762836185,0.9,0.9936268565477361,62.44444444444444,6.799383379694594,2.548212547980294,0.5526501766784452,2.8473665840443005,0.056925795053003554,1.9937800386897002,1.4891036141806326,54.4718934,18.157297800000002,2.461080613827675,0.7375037131761119,0.24779475367196607,0.43081637245602755,0.6000956659423207,0.43273453947582424,4.103011860569434,1.1068294729029768,0.1944315351039988,0.8148096173404697
utility_pt,7,10,167,83.5,13,25,0.9,0.0,0.0,0.0,-0.9533479666036948,-0.5669222194024905,0.01321552701324596,0.02111703177422538,0.9,0.9995944099106453,63.05555555555556,7.788350047613523,1.4633059691095365,0.3733121525019857,3.3446458820405773,0.030381254964257347,2.7298831412112654,1.4820288705912672,52.764038299999925,31.595232514970018,2.108588660207686,0.6318736402728411,0.22561672962600865,0.4369386221558338,0.6086235115525648,0.43141234039187026,3.5891069673581217,0.96819836448683,0.17363501847952548,0.7362318387707454
utility_pt,8,10,163,81.5,14,28,0.8,0.0,0.0,0.0,-1.20313682297018,-0.7932315197124747,0.00669276543827463,0.01751968503937008,0.9,0.9996232843411745,62.5,8.09964141737159,1.2071536697846899,0.3531810766721044,3.2200432651891573,0.022481647634584014,2.329696037840235,1.4791849287514696,51.02553780000005,31.304010920245428,1.9963614513420231,0.5982428917338528,0.28397301518488105,0.43423785309866547,0.6048615379843869,0.4316745118670213,3.4333101453847252,0.9261705760707271,0.15860194947560202,0.7097583352629889
utility_pt,9,10,300,150.0,20,37,0.8,0.0,0.0,0.0,-1.6153021883628493,-0.6962547575039931,0.010549702891812071,0.02024446142093201,0.6,0.9966271518292839,63.333333333333336,6.897806271595943,2.780766966614805,0.672016748080949,3.097575191506916,0.0757588974180042,1.8015987098142594,1.4881318185034598,53.673901200000046,17.891300400000013,2.3977804981105413,0.7185347813485369,0.2952023873986441,0.439890315163475,0.61273500381313,0.4333591796152042,4.391516305768391,1.184656501890753,0.21531448306322443,0.8386420956841399
residual_marl,0,10,300,150.0,8,9,0.7,0.0,0.0,0.0,-0.746455480397668,-0.44983412419630975,0.09345732121242238,0.00802407221664995,0.7,0.9977471088943399,61.857142857142854,7.2651766026466325,2.650416078110701,0.5267008046817849,2.116656386996939,0.07678310168251648,3.5299265716612216,1.2998050646980994,64.03098869999997,21.343662899999988,2.1285601107592487,0.637858417389257,0.27104774762655276,0.43641725687152033,0.6078972878816636,0.43557536736849656,2.271437185187726,0.6127434450225147,0.09473117547160284,0.6194997167644785
residual_marl,1,10,165,82.5,9,14,0.4,0.0,0.0,0.0,-1.386048565521312,-0.7754774803084861,0.08376246077579352,0.009986019572598362,0.8,0.9997967506478973,61.625,8.005786233230168,1.1930744094026273,0.26736672051696286,2.994879852544893,0.023354200323101777,2.804870010907501,0.6558281411848572,63.6309516,38.56421309090909,2.0279188377196786,0.6076995870980315,0.33202451354168633,0.4761354606219292,0.6632218378604766,0.44722521532129267,3.482520040740823,0.9394454493563824,0.15554775318880365,0.7367889581049635
residual_marl,2,10,199,99.5,16,21,0.7,0.0,0.0,0.0,-1.5877111366769798,-0.799579442890036,0.011425177183296342,0.01409289400555776,0.7,0.9997642385101875,59.714285714285715,7.82350822269532,1.6269324734038104,0.39731437598736175,3.4251186254984187,0.03296800947867299,2.853935893992653,1.4816483453988374,65.4050277,32.866848090452265,1.8835427470495736,0.5644348917585926,0.2404609864916973,0.4790427472132849,0.6672714752342346,0.4434726383627715,3.8487655890508354,1.0382439371415904,0.17894211717931352,0.7566501013781393
residual_marl,3,10,300,150.0,18,32,0.8,0.0,0.0,0.0,-1.657459588815026,-0.8458742520000315,0.0005160652125161479,0.018233082706766917,0.8,0.9995623303119698,61.6875,6.845985647536815,2.5707657501595755,0.5793814432989691,3.2595220787054178,0.06703608247422682,3.3655288861608663,1.4534759538176072,68.73864029999993,22.912880099999974,2.380771473229039,0.7134377443245837,0.25443061622105,0.4669050001535209,0.6503644822076129,0.4436144991006049,2.3561272836422917,0.6355894664862592,0.1109372068478196,0.6664638976728187
residual_marl,4,10,300,150.0,8,14,0.7,0.0,0.0,0.0,-2.1180550424927946,-0.31337673558408086,0.0006396187517827126,0.009847640282422892,0.6,0.987477005114801,56.75,5.730878124557344,3.9118871583419783,1.0806642941874258,2.048723208611178,0.15800711743772247,2.6440900397824962,1.475019546749631,64.65219030000003,21.55073010000001,3.493831470586124,1.0469846734363182,0.33760783612664585,0.4893269704382271,0.6815966452589673,0.4541114528226327,3.559742016845768,0.9602768683269579,0.19626010327168897,0.8962860623407477
residual_marl,5,10,300,150.0,9,9,0.6,0.0,0.0,0.0,-1.0377081964035784,-0.40874072135934675,0.0022668280182123316,0.011703511053315995,0.8,0.997269587493874,68.25,6.605272942312954,2.3664784028486974,0.5188425302826379,2.846463929572427,0.06298788694481831,2.9445497195932986,1.2633794798349074,71.75959060000014,23.91986353333338,2.6620573065127857,0.7977297197052511,0.2872015339638938,0.45946006569805914,0.6399942335690163,0.44527180595103183,3.4726840080407415,0.9367920787937692,0.16865254842269284,0.7915053440226788
residual_marl,6,10,300,150.0,6,16,0.6,0.0,0.0,0.0,-1.1967110863756147,-0.3932388738281212,0.004873739729226754,0.012873134328358208,0.5,0.9818959769694612,56.3,5.6840893566592205,3.4211738329017027,0.9594997022036926,2.741443620885107,0.1276429422275164,2.970721545144825,1.4872484973635665,68.7678363,22.9226121,3.540620238484247,1.0610057054439341,0.27171657615980965,0.4601701803162038,0.6409833712432452,0.4414000368666825,3.5191569216443495,0.949328623219212,0.18402244374291762,0.8837725666354638
residual_marl,7,10,155,77.5,22,26,0.9,0.0,0.0,0.0,-1.4013610342626925,-0.7528208709659345,0.008283372792888107,0.0199921599372795,0.9,0.9997944670702257,62.888888888888886,7.79315040027311,1.45373739138293,0.4777777777777778,3.9424430424366492,0.03276785714285715,2.826925324646716,1.4643404820456558,64.95762170000012,41.90814303225814,2.1663806941526986,0.6491919838439433,0.2328082837883337,0.47014517115540927,0.6548778031941398,0.4344323592624627,4.010400160802357,1.0818465183512402,0.1746171019689267,0.7953054351297745
residual_marl,8,10,164,82.0,12,25,0.9,0.0,0.0,0.0,-1.44930245467833,-0.8397519192612051,0.021627259673128764,0.014612954186413903,0.8,0.9998007062668893,61.1875,8.102224909100688,1.211353047734186,0.37663398692810457,3.3621305103501635,0.02610294117647059,2.387261367194288,1.4915664333691874,62.8070381,38.29697445121951,1.9970440248857948,0.5984474362417487,0.27913403634776623,0.4485047323278733,0.6247342562452138,0.4362164205593834,3.8359861571929263,1.0347965545095241,0.1881486616768846,0.7526594156654957
residual_marl,9,10,148,74.0,12,24,0.8,0.0,0.0,0.0,-1.2683048583106458,-0.8665399296360576,0.007508604505582035,0.015287597936174279,0.7,0.9998851893438421,70.35714285714286,7.729104884339477,1.4575388283596196,0.2909516380655226,2.933479880989213,0.023956708268330736,2.6181155616530933,1.4270203776175538,65.35368900000003,44.15789797297299,2.3734220831046513,0.7112353774147547,0.30824982996439365,0.47166510823623276,0.6569949642702322,0.4441681011282361,3.6055846902669955,0.9726433990082118,0.16214210702571952,0.780291246897733
